{"cameraMode":{"drawMode":0,"name":"Shaded","section":"Shading Mode"},"sceneLighting":true,"audioPlay":false,"sceneViewState":{"showFog":true,"showMaterialUpdate":false,"showSkybox":true,"showFlares":true,"showImageEffects":true,"showParticleSystems":true},"in2DMode":false,"pivot":{"x":1.0000004768371583,"y":0.3398810029029846,"z":2.384185791015625e-7},"rotation":{"x":-0.20514309406280518,"y":0.07976112514734268,"z":-0.016776273027062417,"w":-0.9753329157829285},"size":8.59591007232666,"orthographic":false}